"Method1","Method2","Method3","Method4","Method5"
0.557030262323943,2.8025415106002,2.37339761904466,4.52263317197372,4.19769530428003
1.12985543987707,2.7862545478429,1.64076052767808,4.27337365328153,5.54062350929696
0.40912134161135,NA,4.14530137962008,4.91669123162382,5.40355300875711
2.12803387308835,2.1490097328152,3.36717927085428,3.43179843632713,4.04420805689927
1.23299717990431,2.04907013284331,2.96050813447136,2.86677252203891,3.56465421989453
0.419841241840982,0.824329721423441,3.49244161465253,4.65990808982646,5.41753146015079
1.34466438831952,NA,3.03784129939994,5.27709795886697,4.00080864645524
1.52207440571443,0.647767319641522,2.07348965385795,3.96004589825187,6.13868343071062
1.40713889823494,1.11841219603145,1.49876559341191,5.33354068230871,6.30138940529085
0.784057800546118,2.70580177677152,2.85286621869296,5.11608562555111,5.96753273061868
2.06899071588172,1.61754521459499,2.77882648855701,4.35516886393827,4.11217572225607
1.27566079606623,1.84699921105469,2.25171435359064,4.30399525502652,NA
0.560716572750623,0.853117141572086,3.29502163369608,3.10505346394713,4.98615507602343
-0.566029308516292,0.974013540808788,2.77694208102027,5.58125504523734,5.11496541900625
1.7954462805854,2.2481306501537,3.58375139091206,4.23473709112184,4.90474681119314
0.968227140362145,1.87657668305887,3.9130672141281,3.90151248066522,4.94003830807031
0.988551755173541,1.58179691812337,2.55798403116186,3.48056372448222,4.59485478542429
1.66739298490499,1.05670027753267,2.38117779532483,2.03594532125471,6.17917581944538
1.58069107590798,1.2240927888211,3.10136866638975,3.77170777641129,NA
1.41995165158855,3.43974266937992,4.00776125415333,3.26772978189504,5.21344466714137
1.64981513122116,NA,1.77334691719443,4.03871597024202,4.72435398855846
1.5530538820591,NA,2.40786549549331,5.09155007406312,4.43010992806517
1.05272540537659,2.55508334919516,2.49388647200577,4.68196648655167,4.53976265672241
-0.406684074309949,2.53969647912663,3.2650384411628,2.704366230434,3.70867968887838
1.43828298949037,2.20846127304163,4.6852673637003,4.09401786704938,NA
0.96031098765959,1.11445063355837,2.6719639989993,3.26927441091213,5.09150206817066
0.889835940730267,1.28617305078331,2.69841867348313,2.77791639157257,5.29378087861635
-0.0399789841014575,2.53131380898729,1.79572982489267,3.17984732810847,NA
0.661896853607973,1.07485435906349,2.26355015696343,3.01468658055583,3.82923746804808
1.2955293113569,2.37302717998152,3.54357770457403,3.2915274807343,4.60718882558734
1.96073152434568,NA,2.47297890695823,4.95345708660576,3.84048809860463
0.927318100973014,1.71830561897232,2.65601270667247,2.74429404818207,NA
1.27412522540715,1.44169008733737,2.75036341452824,4.26189445784086,6.62051517076184
0.96195409094181,1.83726564191312,2.9559468767261,4.02967061513256,5.61666082318264
0.0262718492687503,2.62026334988604,4.14524082688177,3.90613122951856,4.73828942655876
0.706554530135246,2.32083780668868,3.88120453615592,3.9901414994283,5.91819885822822
0.721194899977682,1.83562302476202,4.42028757832642,3.74117112848383,4.89026145714113
0.958059094970313,2.61518680617826,1.68872738731744,3.92563078946118,5.22488509868243
1.77783540000706,3.17097147008546,2.67281152238915,5.17397005750195,NA
1.53964674697145,1.99549648717542,NA,5.09960593174406,5.12973099097952
0.883664249423891,2.33268628276925,2.78515442825909,4.31339321910121,5.55089931997968
0.820846237882658,2.19673029340624,3.22491701996143,3.68981578659613,4.11138142038587
1.49282752898736,1.30851819906382,2.54126517683638,4.85550618912586,6.409466364114
1.39362032261914,1.34480465553512,1.67848506530108,2.9938393799087,NA
0.512976177803184,NA,2.14652453437083,3.95835306272042,5.28357704664654
0.499725376855444,2.62315749984562,NA,4.14406331873703,6.50940323361035
NA,2.52473105312414,NA,4.52538785883182,4.94890017166102
1.54343484248998,2.10435015472614,4.26429399611821,3.73292652318271,4.57405464683879
0.920559231547951,2.34322154581644,3.61327407589151,5.681980883258,6.45160164462125
1.62303724833164,NA,3.49679974552446,NA,4.29868790764295
1.28150336763779,2.0296976038165,4.14801065606009,3.26738345805171,5.09568046869153
0.567231987067235,2.15798343184331,1.87558799352807,5.67427783578803,4.6764256516078
1.24120804700247,1.28549328553417,2.56867107574688,4.39679582683975,4.96576106446214
0.201419696339437,3.69792043143887,2.77847678591793,3.6846727651562,4.86402763697207
2.01330077707385,2.56707262015304,2.34795578785207,NA,4.27814752050532
2.40035419769464,1.82236914873443,2.81864082287122,4.33905880266136,3.98118162203807
0.740335203793195,2.85764229894244,1.52719936178596,4.1675705537421,5.53858110949633
0.261685325259899,1.55646155383186,1.99792081122517,NA,5.49319471559047
1.4028526119396,3.20997178432123,3.43188739378219,3.92403620194056,4.25727954296782
0.904501973765406,1.72113578633697,3.17078099400278,4.4085119385835,3.95084631876465
2.69820020427098,0.358458072940288,3.92204236843664,4.32106669949906,4.98092464198222
0.972253127973597,2.96457793341377,2.76345257410187,3.15831465418507,5.6664586783345
1.48771938044023,2.80060689760947,2.72808923226333,5.39527010308799,4.55523723436122
1.01980051636167,1.45247567979805,2.70218910128781,3.23912659875218,4.55395629360946
0.474426473724966,NA,2.32234051602056,4.1371441829987,4.27605496992242
1.13349631522239,NA,3.17615183100415,4.7679465213959,5.55795117031943
-0.276298486250026,1.80977870309841,2.16640640327641,4.05566763952694,5.84889313676618
2.03630378081203,0.70321666679375,3.35043737122285,NA,5.88570276245942
1.10836647468911,1.42408414086464,2.87434408009209,5.91932195922653,4.50924822200922
2.53626844499811,2.115662956947,NA,4.78937843197072,4.62088566485799
1.33623601240377,2.60494344334728,3.88243134537542,4.69915756030336,5.06291593621397
0.497992064415998,1.42019851266041,2.70569030833007,3.27455983003433,5.72796184770798
1.43184874600144,1.91259965024783,2.6961435336874,5.19814003648501,5.36851481215674
0.339493230374056,2.18027562655645,2.96710169814713,NA,4.63336565499025
0.113547321568982,3.21546447012777,2.53430545561344,4.28915316929252,5.45595495167003
1.20608360948569,1.3222073716231,4.13319806810352,4.08146540315196,5.22968890658132
0.686545310402359,0.865581334781999,2.95497706255348,3.8752641040464,5.37007685080772
1.00078160163432,0.694957062486509,3.61435391176451,5.4719957124944,3.94259091404187
1.05256725443003,2.39296553227592,3.26755186811429,5.44890860022256,4.95781582530743
0.583145741298905,NA,4.00104270413506,3.40271480568285,5.12411831221996
0.597890482775276,2.54594746149764,2.85219576297371,3.7011875199257,4.32740820815747
0.904414284574532,1.90041151428288,1.10633650842962,NA,5.32817760741068
1.83303330410461,2.27795938037437,3.43075564197954,3.13422623646427,5.64409790847677
-0.0773244161745761,2.15854647425612,2.26910602140747,4.43568024340214,4.42993236228921
1.41998337693195,2.0166466973553,3.3517089000213,4.41916518401269,5.1510884802073
1.23543146528366,1.55949887885431,2.3113541246919,4.95855721490708,4.20779095871842
1.75172510401643,2.89237539096196,2.93319827333887,NA,5.23390228182865
0.784909484870255,1.71307442272377,2.60827932308539,4.71031312365781,4.94498913838648
1.26164280965838,2.47147318423649,2.82622173740521,4.64854568389186,5.65268407829507
1.18886736620177,2.11641746261707,2.5369966557891,3.89632195569632,4.47005679944375
0.616380407156268,3.25972803697181,2.30434464151007,3.108106223599,5.60397890778549
1.85409151638762,2.50290421704798,3.13888104731689,3.82070265852048,4.70876266027756
1.82052855846451,1.76121629374299,2.13978599512716,5.17871211494303,4.9781918072894
1.49512581985144,NA,2.79844425764024,NA,5.24954466134469
2.12206069631951,1.91139300898574,2.78762326086668,4.41995469884055,5.94244236091352
1.39490953871786,0.521548546413462,2.54842711340855,1.95998425715766,4.71906592049148
0.0973129925894116,3.20023873337235,4.23237956588726,4.01139251666583,5.50434009145241
0.594640138173383,2.75227757871469,1.67813416205859,4.43466484912079,3.9358746123273
0.134068115678782,1.45792017795469,3.0220507656897,3.19730354312286,4.30211118847748
0.665255199755735,2.2701201355539,2.14502719976233,3.66338094166726,4.98460037670529
0.561334515712656,2.17104623378175,2.05173378079657,4.22323696140229,5.28872083356945
1.02978041949588,1.19901813899195,2.96768011024052,4.11588871463131,5.30126886322677
0.355881125178937,3.05352363553431,4.54714335508394,4.67716671787579,4.22135817418873
1.11174321658951,1.82446278866652,4.00557358051306,3.90730090097803,4.76499328154817
NA,2.12981328480219,3.12957521151826,3.96693417111245,5.16278134631003
2.24966081247806,2.28628703628069,2.53830676232144,4.76548827060491,4.17186948557727
1.50678871641886,1.29704784640783,4.44430754339305,4.03966462917439,5.41816141058087
1.64359036973732,1.23248556056422,2.83418968599984,3.09376585761966,5.104139874264
1.27166007175159,1.96567523051592,2.3696675026292,NA,5.24603865868651
NA,2.40735403466611,2.04012354170608,4.54689381489816,5.34352207364487
0.550466442365189,2.05220606972594,2.58702984924392,4.54261551574913,4.40056356495424
0.673567880663009,2.49917890061641,4.17952136886887,4.49566346661777,NA
2.01277648344586,2.2368667026706,3.76773648955004,4.38104958722298,5.33894344708596
0.539888196080882,2.38564741594575,3.39423206186989,4.79997110939322,6.02901317086734
0.853359669911542,1.00799572054227,1.84258441425671,3.69002120970179,3.06206591165346
0.722242849387726,2.47874939751516,2.8079936178971,4.99158822044384,5.54156802598878
0.773730872718015,1.44152674874819,3.77201816115879,3.05353433480591,3.33196792494612
0.8026370907459,1.67067994408667,2.77814294208398,4.54024751438506,4.10058694881204
1.34944392022274,1.92585839365107,2.51773627735676,3.72033447796062,4.69709356607448
0.874608413476081,0.834793321780771,3.0368266065838,4.49969395344565,4.69001277094607
0.642234047547073,1.92961674628241,2.49845165771896,3.91787765844677,4.67296620557297
NA,1.68897368223148,2.74918334558246,3.659600286553,4.20053682127039
0.848269445113511,1.49193567997412,4.69354431715191,4.0345350213239,4.06544261719912
0.873034359999995,1.60784027880182,3.38962286282848,4.22012446635146,5.10533436896006
0.929154447475784,2.88069384277538,3.8830249747191,3.99687445524741,3.86582763974371
NA,1.10980817575487,3.03498068026074,3.86176391666563,5.30706639872309
0.947982110988327,1.8477001726199,2.67787834356078,3.37064196035748,NA
0.973388622151313,0.252059111941037,3.46519805744433,4.84696268745338,5.3882719607655
0.517993253005006,1.52329030208507,1.94961591947083,4.03293350665335,5.00478680727901
0.77070629155742,1.64552936079278,4.03887035737801,4.18506250612598,3.76194839108366
1.04253985539042,3.09058902345977,2.8431911756439,4.9473076128031,4.68497973432143
0.583588715362424,1.31975050244713,0.862908902822384,5.20314302999603,5.36868816237557
1.37582456198532,1.38327593537014,2.38545665045975,5.09693143641203,5.29393846633091
-0.0736667517449585,1.01172661959266,2.70733447482979,3.77209512482111,5.71285517037827
1.21676914219048,2.12714145274826,4.40658972441034,4.46820520147545,5.48839909813759
-0.0864340891763016,2.81606627067749,2.94414579974878,5.15946619649543,4.32944701879147
0.78717773973857,1.15250875682785,1.950774489578,3.06785903079583,4.67114857498962
0.626449697202355,1.69896738880113,2.79715153428979,3.03484110794699,5.88731788860247
0.538899358604111,2.96612608250963,2.36287998291793,4.08722707258946,5.23600229218291
0.959767902556444,1.51612867188857,1.88700182612112,3.58137131508624,5.14332195930302
-0.353656531526721,2.48473033112903,2.52742997995146,5.53993983924768,6.00426160470958
1.83197003855925,2.27542059641978,NA,4.8860929630068,5.34615989343445
-0.177313300134194,1.07694569014399,NA,2.1073168251577,4.55059768250548
0.672234509832753,2.86046976459422,3.19675015357676,2.82197295764634,6.06000032667805
0.2109253264618,2.56227294054371,3.44199096466968,4.59572145427511,6.68620662958841
0.469090792812402,1.65478869499273,2.18581426969687,4.27259413697518,5.01052133693961
2.47584961787951,1.36078009808276,3.91617513924203,5.51212784655612,5.81352017240674
1.01230056064804,1.72393248907061,3.36920058418409,4.15047171232422,4.37807977147293
0.0904481722860353,2.5756297611652,2.33629083655417,5.30144606729792,3.95730523696291
-0.160083298639557,NA,2.92381782699576,2.61251573383479,4.85794292563175
1.31833035211261,NA,2.71741785047599,3.24615201890087,3.93883153962674
0.986876216429792,1.89895110984419,3.90983525894681,4.11749040791843,6.3953538370492
0.775091695479065,2.5458185597139,2.88428261188763,3.65446219883548,5.41919256751916
0.342841723357395,1.18037985138362,3.76737337682321,NA,4.36516240884479
-0.051793272046889,1.83176831703473,3.51606911763021,3.16322717079656,6.46235772677994
0.239724235983514,1.13577881124872,2.78845090874342,3.61882368379673,4.70902429294576
1.70712714848798,2.08259446524444,2.9647022096231,2.89898536367392,5.03542122899033
0.560698107183813,1.90630861452694,2.39018382472792,3.52501976701628,4.89450184270975
0.0210623881577126,1.97618126644104,2.647862167214,4.64599537432672,5.02341586939056
2.32178807512414,1.55994876955982,2.01293676272346,3.45748175231953,5.3397481139501
1.30059135952502,1.49840428600996,2.69991999765866,4.65072959619166,4.2231224972668
NA,2.61620496196234,2.74198569426309,4.23277529978376,5.23556992154498
NA,2.0743438062217,NA,4.28115629215601,NA
1.62679546778458,1.8678168046556,4.7673085977944,2.48122709530116,4.64511370212729
0.562129041393128,-0.272067400505619,3.10265344195323,2.64599664178048,4.9536022679926
2.55995001266892,1.09800136478445,1.95503516401999,4.10024060258606,3.8284274531918
0.819668657601422,2.53945623078752,3.65707437088738,5.23798551246182,4.99424143387316
-0.00726982692943601,1.71233825338221,2.79633864154077,4.668647425756,5.6509575396927
0.897894062257533,1.14559030118972,3.99657682093538,3.9195569147506,5.27098194567471
1.14675176702739,1.68935197019243,3.0380197182736,4.89896932867312,4.48339582135287
2.63198717680695,1.73442430766062,4.13615639186583,3.90440032925098,5.49733033322988
1.07481357180324,1.64542668201734,2.9878185840875,3.99312506556977,4.70398926103996
1.32314695430905,2.35115811995568,NA,5.08171249771804,6.03762942687018
0.94544463622095,3.07542522479903,4.39914699758627,3.15930684201405,5.05686289086815
0.763825739440597,2.69868643188042,2.03401248469214,3.89698409645827,4.89264321844989
0.975444989897421,2.88114169396031,3.30044709849716,3.38844366756386,5.71801079262566
1.55694530627219,1.76674857583394,2.30964527037796,3.61546912314615,5.23195911887428
2.46741981824157,2.5970418729206,3.84355836743698,2.8495704924233,4.5920183569505
1.72647616038965,1.30627468060762,3.31180554477536,4.08561015697702,NA
1.85412021955142,1.90155560035513,2.6965822058941,4.69374613311594,4.19616872669482
0.129322858782485,3.54533796352954,2.73295103642782,3.93842651439045,4.37727657452465
1.69571922956415,1.99092922722571,NA,3.78971717367503,4.65664095752098
1.15551032001957,1.78411398808934,2.24692695680464,4.43387141908569,5.16081927902282
-0.0375024452672839,1.58689870031229,2.45038626553658,4.95426222986353,4.95300472945013
1.36841871447891,2.54536918778975,3.28840243436748,4.69845931122096,5.24862835453522
0.887743542460715,3.48930078016473,3.53052218805094,4.5656401237663,5.48525397184091
NA,2.29143903566829,1.78730962691603,4.99941278543256,4.78884085046569
0.458298223134591,1.81525783301389,NA,3.30065482674534,6.47710290082733
0.695794351450966,3.46638647880297,2.17853054954334,3.95530636369183,3.43400530401013
0.345141694283149,1.44928386761188,2.54615859899324,4.66617203544014,4.1226963074189
0.874768587893222,2.80011431327399,3.92803464928815,3.57966511227088,5.53995431640642
1.28426525539166,NA,3.70819579238611,4.50712422350562,5.10678831310293
0.482575904666259,1.27751550599953,2.86315515196912,4.06019538677593,5.17130920720409
1.5871624979952,2.86147199486789,2.34014434263259,4.73196570787372,5.33416422028066
0.145756469569374,0.727377022268593,3.21943605500173,2.69389250463351,4.64785422719864
0.258963115125844,1.78203437829187,4.11957752047696,4.23433695432928,4.56441254595021
2.01905238726885,2.01097093378365,3.6407442263218,4.72296591333514,5.01465694346254
NA,1.68723414169165,3.28365081599371,4.38975164508198,4.70808388537671
1.29131011275709,0.841753624443706,3.05352617422349,5.01885129077539,5.29141885091938
0.730538540113091,1.54646089300221,3.74917197537312,3.94751923114942,4.05370670627778
1.28949081704742,0.899009466549099,3.64837310411058,3.91998775349704,3.95359915691346
2.19421375323969,3.35988206034154,3.5722424805387,4.60562270079522,5.72715083472671
2.12188744023896,0.687023178250364,2.49680706110374,3.8687722244051,3.42947971658307
0.766012850189689,0.510749372208751,1.09817608132443,5.00978514695233,3.84136478835556
-0.615905543613773,2.49331200428715,2.59903720308613,5.47203187657179,5.25260642465065
2.76611344728091,2.64166009425451,3.91867230461156,3.59872389842314,5.01858539580286
1.47168701002,1.86141541553657,2.86544355844283,3.23084005636077,4.89556971615293
1.38277623010158,1.85375583047828,2.54883169652248,4.93409526602484,NA
0.990525106318862,2.51268294249594,1.56076625498461,4.50781711474174,4.59402596174039
1.36070112501039,2.98904365835999,NA,4.50876643603899,5.41182575479126
0.883768734692489,0.875307667988825,2.42854324793759,3.31757249652925,4.31265666211363
1.29747603505412,2.92241872892998,2.57094232820797,4.11770413169165,6.29892924469159
0.716982813185572,2.13860122608974,3.06145381632428,4.74977598443826,5.84913806241065
0.0311167181509642,1.76004794854586,2.83432698170138,3.74104048092282,5.7553178955357
1.69850713763292,2.89459200067409,3.89274132936469,NA,5.44905538206478
2.07462201320525,2.6645203454961,1.89422776497582,2.3620664357245,5.90996661014536
0.781687449873174,2.90364886883971,1.9439561587308,4.84028886754281,5.43964398154793
0.113790315018171,1.79411868802458,2.22420852752197,3.01688396753733,5.47035000726726
1.45413318240289,2.54883680254001,2.97941842119293,2.87839781380495,3.14518133763384
0.96838586612127,2.20910960061432,NA,4.9213133425284,4.57496163616318
-0.225570488743188,1.63428468758739,3.96858571094259,4.52100913301658,5.71730469769254
1.00150745243646,NA,2.73244446839165,3.59616460741592,4.90182540380202
0.554310359695263,2.11435813031218,2.44934421713511,3.70274588134325,5.02390818251492
0.758898805009161,1.9613323070199,NA,4.63351066823691,5.36474608783845
0.182179839447241,2.37403940588803,3.21779816375464,4.77124449140944,4.94690855727792
2.27501387053009,2.27558392284234,2.70407461739998,3.96321030002758,4.50399744851272
0.765854291599657,1.5009442465965,2.97338242923285,3.52618199723699,4.22177607517521
-0.135269421090104,1.96239713964898,3.8395468675769,3.71747460595474,3.42544002356842
1.13943681773818,3.84303457280664,2.92528872819774,4.3068066291333,4.86943271022904
1.18609328421646,1.94866892334037,3.14314786513537,3.86740764028284,5.35471863756975
0.302915255065831,1.79050413649465,3.55183212425705,NA,NA
-1.0427753972546,2.51924996026043,2.6166474470638,3.3477574909762,5.39325383427963
0.547111044890302,2.28388975832115,1.56702537692086,3.98402893291947,5.55419055638479
1.40340981807808,1.6193636588123,2.98467558630648,3.9924057782782,5.2831116303714
0.957769266515594,1.23439935825518,3.86428431918675,3.64627905877014,3.38643078752896
0.930577144345521,2.59948612434566,2.87718854032686,3.87153872623953,4.85349241923701
1.39656014023726,2.08403611602153,3.46952823066767,4.13402604212947,5.18635436986645
0.161047051063095,2.3410002814334,2.61261989526284,4.35566690694684,5.0777202601869
1.77553848545606,1.79400225505172,2.35127053660662,5.18363980141113,5.45087766863444
0.996221201365656,0.831781623770475,3.30908044206532,5.80116229975638,4.86956800616709
1.50014416932276,2.04885725898424,2.72778611958325,4.36921498514951,NA
1.73122459171032,3.69039299548959,3.59564928960562,3.36896367579988,4.4607069451816
1.15802451684899,0.966371328070043,3.67388429188671,4.51499478337868,5.47262533932529
0.378659888262195,1.3036367922429,2.70963945850983,3.18051766857711,4.97980972873269
1.8223401238041,1.05526733723228,NA,5.05591106592618,4.84950904558943
-0.414330195949426,1.74181296131798,3.65107259446655,NA,6.8137931597659
0.614774773417143,2.97683566664539,4.03208967423737,4.21756398697807,4.53104088488584
0.81921350780432,1.89158832878331,2.71938995302782,5.36685325839332,6.6134963586435
0.882534688405724,1.81928356435004,2.65840814878994,NA,5.35525610682453
1.72157694985737,1.08880303662573,2.7763993071984,4.01153271228801,5.13873163170689
1.09632342435904,2.04615032604494,3.85560199676986,4.45358674212228,5.35614851907986
1.28791097346047,2.73208633332831,2.46756227772406,5.17041655679085,3.99638174867715
NA,3.59821391336929,2.54089872922902,3.39214592746475,6.31243551731798
0.82487486458287,2.92963065147619,2.82022202300689,4.43655640810481,6.55643725802945
1.49182869202052,1.38480059247407,2.0833282947704,4.94457909245031,4.91307450815946
1.81050584417561,1.64423334016057,2.69972209147616,NA,4.32946700137161
-0.699245629393767,2.42953594239087,2.71775427754353,4.37361602089226,4.19801428217504
1.4049880233681,1.99289964647367,3.04233795419415,3.94788748321122,4.52565869958645
1.26497016910929,2.19468792192655,3.4813119336924,4.07739954497656,4.52053145083861
NA,1.07206463133526,4.1097487696442,4.77794536157174,5.23296895359452
1.67246760523282,1.69839783842278,3.57368211101411,3.89140395327484,4.7042574144839
0.724767749316994,1.34493327434552,2.10107782923659,3.88950897164866,2.40399892242141
0.798947860942263,NA,4.0639665213301,3.72679294319951,4.27187173594428
1.60628026833588,1.49166050916966,3.57062605147409,3.40120819350634,4.70036345310957
2.21596012432168,1.70669877552151,3.04566282103406,2.46350872329082,5.65326275354313
1.19095765174538,1.99599219432529,3.9503894929971,3.49236365746059,4.51272095362411
0.701470823770632,NA,3.38317958920937,5.20192791619873,4.20553782183123
0.159169925605709,NA,2.89105956485961,3.95107296254128,5.91134287423564
0.765924335838269,1.39400339373734,NA,3.0961840031393,5.68317854747301
0.335440310066778,3.1428030530982,3.6269128346431,3.59312528916375,3.99622782314415
0.816907014606558,2.70276967586889,1.43647591370242,3.01737296094501,5.10710621076363
1.27886818420818,2.49274443262761,NA,2.93750664825366,3.60777581601084
0.397646073628073,3.20206079067209,2.20301043671749,4.65849581991607,5.61182535154693
2.87324386611701,1.30863204025424,1.5715615450562,3.79414065151212,3.57126444053349
1.11031691380705,3.44873280561768,3.1574210637804,4.47883135252671,4.44442140878026
1.79917722296371,2.8672306338956,2.90955883501503,3.55680640581933,5.52992047085256
-0.618655089121676,NA,1.56878395694556,2.98001425409119,4.20701909352122
1.52396694311997,2.44147008665297,2.80223716797488,3.58248769573287,5.31312748842371
0.0692741213407253,2.04337494992488,3.29743079204727,3.43979691746401,5.51186878417944
1.65039941779775,1.92163433135022,3.45458829838902,3.34106842178362,4.50976022475742
1.28152053271493,0.885434560941184,3.20815907195818,3.98748663824333,5.20791260059342
0.711833778071025,2.52509031561864,3.50850999564996,4.70220144750715,5.46219381611571
1.93639225744316,3.51485140229511,3.13612137829826,4.03080512394352,4.60012761777461
0.504154331492741,3.47769262880385,3.2598190582615,2.56914752232385,5.15552685713931
0.589443688217608,2.12006272011888,2.91981485348453,5.33985831119201,4.17502782978751
0.292135072339719,1.92371888391451,2.26701762511493,4.83461124256496,5.22542589833271
0.527526376120896,2.12868954125566,3.17860892457841,5.70707136620595,4.34640597928431
1.6683466900056,2.81029358564586,3.6523381242667,3.82982544481174,5.06986153541705
1.30667373095857,3.04460801530106,4.60862263386996,5.4646227906439,4.74472844890589
NA,2.28846007660221,2.6878557242316,4.16455370236434,4.37223788980828
0.724144447180207,2.78791404980183,3.0083099419905,3.73591800133504,6.27216399272034
1.26613398555101,1.98085448710581,1.49598877011117,3.41073565231317,5.14509234301817
1.1726506738323,2.35194274513397,2.43989041897515,2.96521422303704,6.06800775860375
-0.00851623851579641,2.83837409368733,3.91133200649348,4.73236411248328,4.87730662677248
2.25753940903465,4.57356719209578,2.82015691606916,4.91420047512408,4.39510045287926
1.09506885276087,1.96181439845377,3.40226296138328,4.8089192287562,4.68011395946743
1.54136024397416,1.52754850139788,3.4719586545739,4.49865776950737,5.05403152778555
1.67538362120233,2.31523382979531,2.32851422367216,4.20353711151813,6.56022695006013
0.964244649614716,1.71303821631947,3.01096628739933,4.18217414243124,4.79873393500488
NA,2.44921301946472,3.16442523962694,5.41066830131104,5.83970467017014
1.63192273515317,2.24129905709708,2.77960248101678,3.68491015155002,4.71167886731192
0.259448376874638,2.93067072616042,NA,3.52171725052334,5.70538612262563
2.39394603380566,1.32133553997967,2.53756141064686,4.29104910485634,4.31462420870484
0.728731136162621,1.14752959280221,2.18452365469659,3.58503338158666,5.53642895361115
2.16965736030652,3.10844153946891,3.37299240582684,3.09888601922678,5.05851359543068
2.06929585048887,2.1593011167373,3.98564965468953,NA,4.3148499324638
1.05866563282472,1.347757169085,3.12843219789225,4.35543439527823,5.71171506116783
1.40108575532233,1.24072824715359,2.95099642279472,5.343523930441,4.84627284892783
0.275534822466816,1.60942371063426,2.79178152835812,5.10226199283528,4.38767848536239
1.22840008865452,2.41751926077287,3.99987043889602,3.21826241364975,3.95974519923717
1.73794544623442,1.62715998152349,NA,4.12529838516115,6.52185658572749
1.07005906995471,2.94882852170658,3.99306871265407,5.4367796955344,6.1259596093047
0.678876711949853,2.17242419035878,3.44062105935398,4.99635677238896,4.98513996568316
0.536292205153218,2.13850863448489,3.19370687993412,4.67160516952721,6.22647305711524
0.974599011366973,1.98902589464621,3.35330292833857,4.14828687035918,5.23577550075901
1.75601131902788,1.7895810533365,3.18621054876051,4.86490245796754,4.26426991050855
0.65777804485968,1.88143293804928,2.15138822778325,4.76866252142455,5.34193497796285
0.914432929688225,2.8177538461701,4.521539602837,3.86318109162366,4.76496944975741
0.0849048274934988,1.05335089067395,2.19003067725439,3.43749647610935,5.64990449060807
1.34953195837366,2.76846157056686,3.67338181429451,3.7951106084908,4.74734603865634
1.92482603399691,1.75202882645899,2.12606973591483,2.98455906242834,5.83371198221427
2.05856784946306,2.51952778851732,2.36795518029522,4.62038455318461,5.63634588595153
1.57608182566872,1.958694722397,2.49872423632982,3.92560189832783,4.82247308101757
-0.322140332938858,1.04836656919452,2.15312856594756,NA,5.46647895411558
1.3408463310979,2.2452990683357,2.95043864364559,3.22425775739922,3.69304707675033
1.3225365782349,NA,NA,4.27307999621281,4.55285723538468
0.750108261416406,2.79506545859447,3.11091914460727,4.72189885339042,5.370754798899
1.12055426102822,1.4147043608987,4.42652790392317,4.26528397668422,4.40841716357665
0.389034317647878,0.735848541492204,3.52155674340341,3.19326543209154,3.29387882006894
1.48028868629706,1.39612373598567,1.80386578875458,3.46846892215776,4.77534261021968
0.76870465440579,1.59551885402903,3.33779664168814,6.16694562563504,4.79521346637114
-0.109508653354294,1.41597881629475,3.05280851164698,5.01597430805577,4.57294590401187
0.740173078559728,1.83200267599769,4.37350637277374,4.22808112081745,3.79702734628898
1.96480119083308,1.57904059758221,3.35719314006633,3.92399670882919,5.30601600431215
0.7636273801743,1.70956140876604,2.81724006611949,3.96356078153948,5.7591657748611
1.51813252376079,2.23192497026989,2.10729781044906,4.55845461416269,5.31007678917268
1.66933712515766,1.17717758996946,3.03308527040414,3.84591751329998,5.45300366077575
1.00311035365761,2.5375267818439,3.84143639761102,3.61497867587214,5.83737961463427
0.750870508582423,1.99819275099717,2.36782450090333,3.80584238977267,5.13656457864269
0.625448713527639,NA,2.45885732780104,4.01953304745047,5.61146200186029
1.52296855669645,0.560162712226325,3.69616432700591,4.68566533606114,4.98157803610355
0.248022050008984,1.78699887523983,3.64825558795282,2.44478475350338,3.98996007734188
1.17409735706625,1.60709887161662,2.79526101094742,5.37751033479419,4.89232676141209
0.795293034753165,2.59912833412056,2.65527787217573,4.12717543057736,4.90423796141071
-0.601518622609861,2.98345861477156,NA,4.2934894518882,6.56405480439948
NA,2.87062254811342,3.78221392382855,4.45738530632586,4.53232843935995
1.64772347908718,1.21275153076319,3.04145289700738,3.53755217609877,5.44502202534523
0.864745356978314,1.43710489430764,3.18289756321845,3.20807613778696,4.80748996819889
1.56800700934144,1.93669988781857,4.15357795065592,3.2895378155943,NA
2.33464599232195,1.25070942886213,3.61473642994926,4.40076587894145,4.86188353670875
2.04219137782551,0.865579968496425,3.86058036037791,4.44839625807583,5.92861802270667
1.47890114359851,2.55956942224293,4.21650459868196,3.14437536823266,5.00896782883893
1.2686741922692,2.04819394317264,2.77883296085646,3.93429392919638,4.20506235854985
0.863670925249923,2.43444357774162,2.92774450359935,2.95460691584015,5.60572748940246
2.11573798815551,1.14930263374903,3.11823141577135,4.27427305079475,5.22216030779687
1.4216011818738,1.75926207722875,NA,NA,5.23806298563656
0.170155786865698,1.17180214814394,2.64533309129049,3.43233154728242,5.1852803143432
0.889944108137992,1.41351519338892,3.16047079458943,4.19537411618271,5.225895061086
-0.356874146398264,2.16207738908996,2.49892071402254,4.80388041528534,4.78638804433008
0.861931145828508,1.42371298086326,3.24995333490195,2.80440397990376,5.36581520802875
-0.833052474476329,1.29752793987747,2.3302301988372,3.64399463957936,4.17686650174085
1.92913984291956,1.07639942526263,2.83570161515702,5.35887208654726,5.90133476333007
0.550603234234528,0.985852059641397,NA,4.40025405078549,4.67971723773596
0.695959047392623,1.38987437527555,2.75659738432289,5.85177785285377,5.08326446016856
0.880273859050085,3.20476797079723,2.50684818494568,3.0106297826846,5.96161662063949
1.43290362239336,1.53639774506631,3.41394981414861,NA,4.25165561874757
1.47965893926546,1.21287091621578,0.882142365221312,3.35410332757257,5.02673693569767
1.40160269112299,1.00615756787831,3.07211481027353,4.84216769208223,5.41175176432276
0.595151242245633,NA,3.14620083305032,4.94547063178285,5.42130038776419
0.0360075079532582,NA,4.65775968405672,NA,4.75064748883414
0.725131865030616,2.1782399253228,NA,5.18619113836591,4.27582847384507
1.19651496764336,1.80009636079464,2.43274382671892,NA,5.43455561423803
0.417993757469792,2.61353365263886,4.616045050799,2.97989385133798,4.3436058347811
0.951322108407059,2.50918131493473,3.25968026513849,3.81321662320378,4.99539358630859
0.174338051057561,2.74675397656094,2.99585214189226,4.7237373639199,5.15901474459416
0.994124639703169,2.17218195812646,3.36209326869217,2.37256405965199,5.14103628887195
1.09111452826204,NA,2.68365158103704,4.2278328035799,5.12601198554332
0.896850353905376,1.9458690570069,2.14367074781804,3.69031970678228,5.20162722708083
0.884097450981151,2.65967763198713,3.54514667467301,3.70074360802345,5.16897484665947
NA,1.8882900412834,NA,3.21596521761067,5.44188713141659
1.53923009417239,1.51810000063992,2.93005469873313,4.2609359718717,4.00410177829541
1.78590045400612,1.13725824452018,2.06964209989002,4.19241387915409,5.4058527538112
0.347194103215457,1.49872281635117,2.43741411208169,NA,5.94453610799425
1.11620722838507,1.4706035794303,3.34109470467945,4.26303497843094,4.67368004351884
1.81658472088151,2.40734832522748,2.32709582383607,4.31535159206726,NA
0.960033317434995,1.96316011575823,3.35322571352434,4.37253810431611,3.52705088649416
-0.505685353958505,1.55428431011668,3.87833514256073,3.54174703503643,3.65020410293028
NA,1.36478047629291,3.66982799041896,4.72254792031415,5.99720295631001
-0.347006913431769,3.06963044038338,2.06043271132959,4.77373765518437,NA
0.426416084018422,1.8325929696521,3.08977200547905,4.05466358445996,5.45552358240635
NA,1.11696263222022,3.00701123418652,3.80580146046601,5.63730429662652
1.43532099089024,1.69593748226827,3.63990470915516,4.05322494866219,4.82870571824013
1.77192652126989,2.0659726642072,3.27097497706584,4.68626065793142,5.99183633217449
1.21680237672105,2.5890490028342,2.07480024443941,3.63136860156387,5.77494024912876
0.922105992041254,NA,2.76074378669899,4.58925421911785,4.60034542253788
0.346412170184355,2.07909204238189,3.79704260923995,4.49868527194505,5.21953901128646
2.12636011710016,1.26500779620246,3.66095386760016,2.54724551155301,5.34925268981045
1.03182729915724,2.56315597213232,4.29442678117741,3.51616258038219,4.00170848074837
0.49432785846865,2.07064235474472,2.30651728571042,3.10675602196619,5.07688727900684
1.61180512104923,2.52110923894279,2.52571164772561,4.81761190464439,5.2879535570695
1.75974448758288,3.09381028125664,2.73530948012845,3.25882081096798,NA
2.34043034562447,2.12651623250108,3.70382144155708,3.69909154959943,NA
0.573616517583634,1.80020938904792,3.07222636774175,3.83391961837159,4.74161137276582
0.723614713419062,1.4574378304734,4.04859956599835,4.84166148570246,5.38125772872375
0.70568657902576,1.59242065301941,3.39601422144134,4.3823423400123,4.4282498118291
0.734370088920639,1.35309923172735,3.10072803904316,3.93688046066119,4.65746947296113
0.740752772101026,2.26156654916154,4.29377328985774,3.49642029280827,4.28501569847265
0.790924468151239,0.962190434067914,NA,4.35653112472048,5.08423352019059
2.0195209893055,0.765842709442476,3.48922898233374,3.92459196541668,3.80128916340753
0.506765943651007,1.52808980080663,3.01980608627664,2.17305302071561,5.12148681407858
0.725524124326737,2.76670103818168,2.88329545475936,4.67330675623698,4.520374329274
1.46141295030189,2.08685508660096,2.4901512258222,4.33563715185143,NA
1.79533422423677,1.65051290137274,2.0936091571932,3.68689893549259,4.28098100057286
0.45403521535439,2.47347034544833,2.84242208761502,4.11084613153366,5.23428505839482
0.640728791141204,1.7514669193632,3.01931729438659,3.47056780348515,5.70929902531577
1.37025567031005,1.91869657883344,4.2923280345171,NA,4.78357317142768
1.71966091516627,2.05160956148578,3.83326305568423,4.08084672915087,4.29193542871038
0.822399816569065,2.76987991171997,2.74804997321114,4.98159451878823,5.91396131192686
-0.0111580637008148,2.91398412011887,3.66029251503748,4.95917909806163,4.05205779473797
2.20853107166708,2.90687243300578,2.23254928322506,3.4962700863487,4.97352507330853
2.01474742605603,2.69229722040833,3.08471594352271,3.51200510895556,4.84981355543123
0.497691745610292,2.23297031805877,3.33358504846712,4.19392083459997,5.49102074188357
0.953990277432782,3.3291031621698,1.79976517894806,3.73074319145555,4.96647054264509
-0.244132274062969,3.44454775813584,3.84337034555997,4.78901009335265,5.64053124581698
1.40285497677104,2.93944536240393,2.5136518692563,4.12186998596712,5.96887890595013
2.1401013546329,1.84467081239982,1.71981395183808,4.36243784467724,5.43029690836892
-0.157732248273244,1.26457540839442,2.12127942769557,2.75039846369981,4.44908856495443
0.44876181791553,2.1364360997821,1.60646562938615,3.52608046683681,5.63862741350299
0.546619442204578,1.60738868113558,2.70864607979492,4.19583530725016,4.90795889128625
0.518367372726793,2.19444792297842,3.58393165161214,4.30544734370624,4.95708374969771
-0.43775003275038,1.61072823812963,NA,3.32054706551893,5.02422341814968
1.35423472987154,2.6514291176416,2.13250917931359,4.01939633912317,5.6986242437597
-0.0831448521787168,3.54817917931608,2.76412051643122,3.73865209317747,6.5555400007057
0.982323999752685,NA,3.00436604146647,4.57123086624998,5.41730310590622
1.419303517377,2.52454487498187,3.17434388111898,4.21038741664612,4.6797935557119
0.859854673468085,2.02641508040467,3.31647830664177,4.01630283792928,5.09090386439526
1.63074518319334,3.54208228817663,2.82674615484911,4.77917118794036,5.19388650727285
NA,1.94372476291776,2.94595342840492,3.88541087569646,5.90868819693626
0.542034903484541,2.97318754779451,3.79411592349204,4.06119635952099,4.70602005819639
1.45704512545476,3.11391710467497,4.11775929914201,4.01201933172282,5.26696305796478
0.693233927624338,2.11340364897847,2.41461364166453,4.10618794324918,4.60766180324092
2.25342538930542,-0.300373974241858,3.3473390902192,4.34147214088208,4.90067374797748
0.987088434414128,1.7667039151003,3.01313590642446,4.62409838080347,5.34595487080494
1.6030312650725,2.3232113153374,3.93405141953119,4.22339258887365,3.68039387336099
1.14507208013177,1.07785938974729,3.65777246171245,4.161388902535,5.68212276105804
-1.12701156243537,1.08700250570459,3.76099973374523,3.92336066489772,4.84819976895769
0.0340129894974245,2.640907254593,2.78767661305049,4.78139612427203,4.73582677650134
0.700114415935062,0.022956666799663,3.73874318055713,4.41628726565498,4.03879978940208
1.1674454764443,2.16515226379839,3.50143848798583,3.77628363026178,5.07420505370161
-0.656555404848329,1.80976286339829,2.10239337446529,4.25905325901679,5.6444271928882
1.68002221090777,1.53433832588051,2.34091585653097,3.46182841224943,5.84695745060005
0.57260646486787,2.04479223983985,NA,3.72590680802266,3.80338708584713
0.467635370361205,NA,2.67398640673187,NA,4.83403543412227
-0.0999835059804408,2.17466196761835,3.93033764975559,3.45885128326413,4.77868898899725
-0.0280581212652056,2.08770637703235,3.46593720351628,4.32680178572325,5.33642732506518
1.03983262327076,1.62151635803193,2.24269510225318,5.53718117897184,NA
1.36017856158808,2.18277479318768,2.61887904167958,2.55982366637839,4.50218763436762
-0.483427266999183,2.98125835084549,2.08260804389581,4.11217369873249,5.43225735681598
0.289808833565432,2.47176074678576,3.13451538754313,3.46499255764634,4.22734656402446
1.3788478179728,3.05857381933786,0.497134764246394,3.85106068887196,4.42935870969636
0.679654405315059,1.80563020270966,NA,4.53476016555168,6.06468205466215
2.53114675140274,2.41229688279351,3.20568592173854,3.29308096894376,4.77731265894925
1.88087591994076,2.35592822730194,3.57613001250924,3.33267184674031,3.65383094713471
1.42108069807387,1.47444452397412,2.84278144515129,3.97727990316879,4.94658608083804
1.00345382739082,1.42238031992628,4.01457861912172,2.92908501346491,5.1810068642657
1.19753790338885,3.32249027362146,3.13407389779547,2.85516971209965,4.05611017187587
NA,1.41504376279767,NA,3.72549142639789,6.60777954468325
1.44407518755754,2.67225539259357,2.9446327086819,3.73228726750221,5.10315020720318
2.04666932878359,1.81178772560061,3.6369206062937,2.87213027318917,4.69327146906012
1.76610063636022,1.22283153624103,1.97744949975647,3.21586336779418,4.22944512540928
0.424949471351808,0.915144371477286,2.94945806119856,4.03924490491001,4.37442804448724
-0.144718797991911,1.14701011804066,2.43704145518646,3.02941184082679,5.60799884657784
0.92246171129611,0.621123906076031,1.90720926156099,4.96966664450339,4.72605502349932
1.31175586392847,1.37488930020699,4.48223740127721,2.5440423555956,6.19512900176533
1.95529700446486,2.68830197298362,3.11833156132347,3.29888560255976,4.10509005877264
0.0676022917494193,1.58919124289786,3.36352264553567,4.17814416500352,4.89568475155946
1.25765881639262,3.22807999281076,3.08866745777673,3.24767720787817,3.82721925466488
1.16510931679703,1.87790011159032,1.88188896452535,3.84662694466601,4.76354204490412
1.84425386166963,1.3367391200979,3.05164761685511,3.4072684667514,5.92854565161174
0.980264669444448,1.79876189327764,3.95296564268223,4.46582330090543,4.82481520793115
0.747351557069857,1.58350130606966,3.97255435533302,4.31961760188432,5.61599367500737
0.18907994759011,1.68609307827314,NA,4.56565982246323,5.66327070988401
0.634128467326126,2.04242398394805,4.071851627756,4.25790212891438,5.34450732553837
0.743939824781048,2.05814747577956,4.06004196873027,5.47498668461664,4.72607994372279
2.66209290331285,2.53626803183429,3.57599289922772,3.94945257388,5.28109809906114
2.72995892614309,2.38159936042317,4.17779137823056,4.14307472444498,5.71998348345676
0.882122980630632,2.5491728174557,3.71769124926071,2.91829022546842,4.80185611351684
NA,2.09345948037201,3.37275568567845,3.76093557965153,5.1613981967547
-0.395075670724035,1.42946007501385,1.62472256235403,4.67467629161128,3.87956004736191
1.36392780208839,2.31773849278646,3.48670885063546,NA,5.08751692760136
0.228848023558167,2.29178157232542,3.05397446321223,5.20775112211057,5.02206074978725
2.6154981017935,1.71460176889075,2.40779833991185,5.41849370673365,6.18518755834392
0.373773808835587,1.72558014729671,2.89380171043727,3.44285547239801,4.93914799120385
1.07856410990663,2.77441468317029,2.29557065557073,2.57853916773069,5.7403518918207
3.69427247912748,2.94786252848811,3.86026620431094,4.80353765235962,5.27312987496274
0.215882220728765,2.0808969378597,2.87849410155467,5.31880867299215,5.98505950646398
1.21748244579507,1.7226270269793,2.05674785190819,4.72451398447695,5.20132013439573
0.217307412631683,3.16839343587176,3.10009854496212,3.84982025006052,NA
1.24582825258625,1.12057298708998,2.08683448496919,4.14922518802479,NA
0.382508725487911,1.35517103283233,2.05778926906747,4.31542308245011,4.56669591573196
1.05466156229417,2.60107150327956,1.72333033446254,4.36811956276146,6.10163964433428
0.79008217000941,1.34570490644528,2.5205528361098,4.26697659261652,4.48430913967809
0.163321388003696,2.63185733627229,2.66528531206165,3.55900662710419,NA
1.00798513656237,1.33460563323065,3.72649358341633,3.59510321465033,4.59922107150724
1.70116781682918,2.3810966804739,2.5775831991375,4.22097168455409,3.51192657298057
2.12710519564599,1.87132466909738,3.82013735983023,3.49977298202233,5.37528414521916
0.02934655171478,2.63057491364226,2.0572662319385,4.36854651886746,6.14387542170328
0.823498416587475,2.93989213553041,2.3453918938862,4.31691676054648,5.83759050880842
1.81983694521357,1.9268384012434,2.24021721054211,3.6426829586213,6.32676804744369
0.212125822090197,2.43491635710962,1.97390568588235,3.85390314519512,NA
-0.787919983320966,0.727368734665416,2.5837034946319,4.02094027409603,5.47321896690636
0.338216954345397,1.81423941289166,2.91841098830681,5.45122646751082,4.09277674365194
0.316058420262561,1.14430047266145,2.49062087368448,3.45654770896954,4.71949067066421
1.03357950566399,2.14458725187712,3.00233363434595,NA,4.91617033351082
0.714514975503027,1.99010467380299,3.69816989929263,5.17850899760953,4.32314671415855
NA,1.83368789122329,3.67423295472898,2.91077200214169,5.29602158335575
0.701337606168908,1.86683860256442,1.7917657150283,4.80966988070356,4.92421252635171
1.26454165385567,2.67265870880507,3.20746427053068,2.89553487131839,4.78863266291624
0.741194834546173,1.89109510043515,2.18753297281394,4.33320398020025,5.21904085996423
1.84152880313496,3.31114886328793,2.87604849447441,4.02528687193069,5.18008695588101
0.478630706935118,0.653550351197145,3.02485819885555,3.75120431475909,5.12478198956979
1.20553235605485,2.25406325569212,2.52851079517634,3.33266443983813,4.24008493142477
0.374316869936072,3.49520199952081,2.42322232032506,4.25977449632028,5.07378972936668
1.1470827917403,1.19690418967745,NA,NA,4.14284532348315
0.966249671373231,1.43696199289151,3.04621229558872,4.07817343813373,5.30510855197279
-0.191135971933343,1.7188759458058,1.77928442894708,3.65590066822977,3.43512395230057
0.898016423787554,2.06485869177472,2.3384403492145,4.84678308645134,6.9353302253215
1.83453708612595,1.8312178015499,3.91828726065028,5.06973406897114,5.18731933468271
1.48182250639436,1.6733432799752,NA,3.48609831185773,3.92587551875063
1.1012913711895,3.36212850633192,3.3926514306613,3.82473554707036,4.99643483879921
0.156904957330368,2.08630578723755,2.86215414609997,4.09505579132159,3.27374081721309
1.82676950914478,2.77219636804627,2.5134218369093,4.76743562238501,5.21134071119515
1.05600406547684,-0.101703416321274,3.058476772325,4.91651356735728,NA
0.680547715855174,2.79796226043232,3.11889776511167,4.91049187331346,4.70253711645076
2.16108928417105,2.92772418814316,3.56960755451313,3.76050039593965,4.91371473739613
NA,1.65874462959102,2.84995132652136,4.42730218284925,4.73186216161764
1.21450859249914,1.84100067865528,2.39724138944548,NA,4.40639456219134
NA,3.17928816075049,2.08311244547113,5.16302359614887,5.48217981367123
1.42583582225013,2.02914590371163,1.2006529893917,3.37332547191931,5.5808160822996
0.782902474770753,2.73410047334668,NA,5.53618957339641,3.85422941876689
0.704133721698636,2.41552630308266,NA,4.50547832418516,4.93579953944542
1.25111874153587,1.88806529554136,3.74029199829203,4.73356146398122,4.18371623695719
1.36308597814457,1.79346442244448,2.64191768880074,3.23945600628729,4.48153759074748
1.0131574189527,0.995979814423092,3.45817830638611,3.66465088273024,5.61252334557209
1.93228420893113,0.487980824041661,3.34345505108129,3.9506350510299,3.84356458567225
0.95344974649537,1.98409002324596,2.14652104565884,NA,5.44375783602951
0.504815894183206,2.19075687067536,2.99789975083323,NA,4.55089288514589
1.37994695130747,1.64434692721583,4.12207929777883,3.20260134777322,5.05777777651272
NA,2.4460481833516,2.29768439320908,4.08678076916702,5.98133663449053
1.27716729228693,2.33556827698655,3.04244235603255,4.86888541228531,5.08971629505647
1.35140445944374,1.75911766748666,3.46486226520739,3.58452313415791,4.44878369127418
0.840989563802121,2.03507359909554,2.83516778403799,2.69951175522566,5.63959223611057
0.21006049223762,2.9158893856785,3.52727444816829,4.35201623849727,4.54065382743201
0.720696637464667,2.22247290885144,3.38259985561233,4.35813660900938,5.98805881593845
NA,NA,2.40945334988306,4.37024422555542,NA
0.474255869423975,2.34369554158202,3.0953263835348,4.44190631813104,5.30727629300711
-0.648769450221427,3.22015592450923,2.79888394425163,1.89221737176932,5.20603866749556
1.574344260174,2.07243097045323,3.32999606784064,5.33425867882497,4.80427327829226
0.64551983481184,1.30007949204054,2.21764108192605,4.32518445063741,3.71967443694903
0.63874864479798,1.67441889877915,2.92375837362398,4.27678113830499,5.91513463450581
0.140607844889005,2.16805205260002,3.03552344616975,3.16048498854625,5.05476572464482
0.984048640921412,1.80950736767165,3.21982469259267,4.31418420173232,4.45511725588826
1.49585106456836,1.88010716756801,NA,3.46688108668561,4.65242997351744
0.584587475880244,2.47013335959736,2.25062162746892,4.14920760857951,4.3022687956384
0.570978558287419,1.45160268870287,2.31153642606944,3.90330167694151,5.02043673287784
1.77544173254858,0.642877439381458,2.60307514668345,4.0093649184302,4.43180603653979
0.82498422892723,3.42788373224541,2.09285365817541,4.48090727252355,3.04656314498218
0.886932414185785,2.30774030630757,4.40476503597599,3.96059621545888,4.88048351163984
0.557507955386173,2.74258150260745,3.05033520558209,3.64708440659898,3.71985229919933
1.63670343684817,1.77930147966714,2.71567658766188,3.4152741951088,4.84048847230049
0.296998942933388,2.06619765203457,2.861572705274,3.79505783660604,4.36243869166065
1.6005107067813,0.477466340392428,2.72195021402348,3.65172211819113,5.4310675770261
1.56971755215276,2.25313932814063,2.93626449957831,4.68950699851702,5.00418025568337
0.669356207271432,2.33083038076964,2.86330784873762,4.06926777077762,NA
1.59992375713019,1.35887417643281,2.55289904422422,3.64845449125906,4.91813506733976
1.69775166201927,1.62569308511051,2.73717973332048,4.29927957786166,3.75767194269508
1.4070250094006,2.95005220753263,2.48197931774105,3.63284672226089,4.99915115792087
2.43177954114683,2.33194000475837,2.42491862734052,5.3570167060733,5.73535738589106
-0.387593248598288,1.82102767609886,3.41560356192119,3.11983707261606,4.88801233761407
0.176276510400018,2.26099574006988,2.62373191048247,3.88655179101728,5.38050659699212
0.0266539295373522,1.04773421335957,4.03954692204673,4.72236676504042,4.96533698732495
1.11856761873249,2.82868348656907,3.08912802645833,3.55252100411931,5.22289081857487
2.12050196753923,0.650319587005391,3.62056769678977,3.85614984126677,5.33616174673583
2.1864466567275,1.28978844684632,2.66238158267316,4.2908176068566,4.78549567855443
1.34527790666608,2.47849032965262,1.41400816278626,3.28258330414997,4.39082265100749
1.62131582240371,2.81481451944457,3.0110441363052,4.70589598140478,NA
NA,0.774753712122743,3.80056337300497,2.84579673955543,4.52910922539487
1.33161311173346,2.42518957007953,2.94668049896315,3.83442301917643,5.3972675252096
1.26603865720121,2.24158325387659,2.68624618174742,2.82966084789514,6.33068365720914
0.461863260751487,1.97505255924253,3.18390319210742,3.4106471535635,5.09428992698892
0.792609163457105,1.55723446836063,NA,5.63262707436968,3.92164159676587
0.904652827553676,1.39473695308809,2.31843072242803,3.8136380276324,5.43705032734607
1.98559782854444,2.10732314129353,4.17189345923958,5.41216896494756,4.18166196768112
0.266738265500585,2.85303431245688,2.84085436140232,3.82828479508323,NA
-0.495060720713028,0.947416484463077,1.92620536552259,3.60773990496368,NA
1.54325473793025,1.25727333479521,2.05559982011532,3.62560352298627,5.36936480998218
0.422887290527788,3.15815189479599,3.3744334162902,4.49832335604053,5.14113605417263
0.691625837310757,1.14628581331286,3.98518440070697,3.33610748908734,NA
NA,0.143027931229853,3.79664616270024,4.61890661838973,4.44835455827921
NA,NA,2.99196773041557,3.47365301452992,5.69418589663036
0.758829225859295,2.24338193079601,3.66491852927305,5.22263911078987,4.55768731974085
2.06237457637832,2.00899428323314,3.5570977477845,3.42371343384269,3.99198212820777
1.37356996593208,1.38237748779379,3.06147723398826,2.80482479515574,5.08729068815529
1.38338718414954,2.24239640565035,NA,5.05425694004486,4.59245681441487
0.903357343364368,1.87456791604741,4.09803596581307,4.49754371876769,5.07003543877337
0.196207783925324,2.65155170273181,1.29949442877745,3.31927284133662,5.79588044909374
-0.0582752097529078,2.2127998275625,3.1183196720307,3.15321347216841,5.05831027039249
0.842042496621411,2.49029847482602,2.71494638990358,3.9993795684014,5.1016157523405
2.4154292399897,2.23014339201543,NA,4.49568765437412,4.54239730367592
1.15676827185959,2.28853564524169,2.50937882375331,3.82510334348584,5.58607917955719
1.11622919877148,2.53728961177262,2.90124109654378,3.99556169559248,4.97555196363033
1.23520040940058,0.382738236074827,2.67597682445263,4.10229269000214,6.12382718666766
0.727616811675148,2.36616694632705,3.695790794483,4.3764962607986,4.79072351973856
0.0109315426089256,1.04736010590552,3.48594179247193,3.16841707442051,5.93656945494988
2.89203446144431,2.25679279886054,2.21468411641335,5.75620863348801,4.14939876585724
0.700408693598565,2.92967045405227,3.38295967621345,3.05836777545885,4.40040453369816
0.788856846039575,1.68299985035109,3.55166913908929,NA,5.23103130880173
-0.267376989261346,1.42854142417986,2.15699512570658,3.83376452992147,3.96795156649905
0.824631702264308,1.93899895932633,2.82515572987863,3.93667506466097,5.86492835120577
0.825129722303312,3.12106425415723,4.16960547925432,4.1420073623059,4.87919428115463
0.819326878680479,2.07145840690221,3.35570292107459,3.81235836726941,4.76876612473411
-0.26355604813606,2.10519076864412,3.64350490705645,3.92220850795221,5.32470844125421
2.26194717934259,1.61361234067993,4.24183483039105,3.84883271683801,4.69917105158413
2.24704386569913,1.62687701397895,3.08982876485064,4.53453613750743,5.39641272771444
1.48762099323735,1.90109587178803,3.18806704730639,3.89023837968919,5.31107209405033
0.221658826000194,0.87611641074721,3.76370239098706,3.82109724750506,5.42028913548898
1.50523441148368,2.87264342424832,3.00662477794128,2.83235206639339,5.48291411968517
0.825719167534756,1.76279760196246,3.27168473987802,2.75582675327349,4.31042180499019
0.773877033543227,0.585077558263459,2.62313128480571,3.72225835768047,6.0720847640382
1.96353501989342,1.98765504503501,2.41837095093121,3.33778407813987,5.05619680411435
0.131755894122345,1.82961067390751,2.96700995957935,2.7517865481112,4.78069200447114
0.638513413849156,0.732872144207477,2.60203349007572,2.75597894429905,5.10416976257758
0.482967057791473,3.44935076692912,3.55641596149457,4.51087205902974,3.89623360627536
1.01396677800462,1.21000785083962,2.54210116417859,4.07488471898214,4.82624923446018
-0.112182739975053,1.04289593818748,2.44843373953401,4.27586852030119,4.63007292832877
0.502668275470309,2.31911892449512,2.36252542177182,2.83754230482776,6.75766213824968
1.50624043493566,2.7306021186197,3.79800137309196,3.53697614099829,6.21999432100669
1.32895661504085,1.86148789664753,2.72859346671301,3.93696655821556,5.27842399123181
0.311347074928306,2.1607327159268,2.58048727516913,3.51251247679832,4.71937029349922
1.39542664937391,1.22062708256173,2.91159334034796,4.10069086331293,5.53692727942595
-0.720136060160263,2.67548310520963,2.65868502047099,3.62050348291051,4.90576672017023
0.759240799437108,2.22120452966635,4.18160753400843,5.00380100753554,5.24412697926487
1.50419060728971,2.07142182474169,3.4850733408465,4.37175259903674,4.1214655833182
0.533990194958078,2.52899748255481,2.48547119749584,3.7454398275206,6.75217686677681
0.974259458730264,2.70637202284874,3.21361062733176,4.30091273073877,6.03963839923712
-0.12662354818131,1.48203345767384,3.18219045125475,3.70917417192533,5.1386530837878
1.59948003597501,2.34004428532267,3.79547789267719,4.75725817888311,4.97174402721348
-0.308422502719888,1.3003529773841,2.78072162434236,4.7402150578889,4.38271183635724
0.771144443596469,3.57653632214111,3.58307451431792,3.74503545576675,4.98557300287851
0.81951232876394,2.32296154678538,3.83077474013689,3.82596648640701,4.89872144799507
1.04307781294681,1.97467465697008,4.39744660342076,5.86170184232402,5.03202370794319
0.417703484870395,1.6532046365071,2.97447217475055,4.0586002116742,5.33830554719534
2.29381483357131,1.84403585353071,NA,3.29731505262708,5.37119080292237
-0.0111034527077065,1.22132739348283,3.87224889879146,4.24296838849273,6.40456308652986
1.17970209716992,2.04488040070168,3.20207935261647,4.03530060005506,NA
-1.07873391512591,2.41261514428412,3.15259477741049,2.22706012381468,5.19631183308613
1.00170823488598,1.63700047867358,3.9724984046153,4.23225486249305,4.70574630449403
1.36038798157663,1.42543888451749,3.6269074984753,4.7894254106879,5.1322700576361
NA,0.847896846088427,3.01238482731638,3.71949642758564,4.30919632460074
1.49839217755403,2.4022770829302,1.84468705137848,4.88880967532852,4.58210220514105
1.23403562149328,2.23602043961794,2.9290266585284,4.08946333556858,5.65530299178749
1.69036777680032,1.85057238525252,3.79877613929853,4.7637189995375,4.64565151451436
0.403668651725002,1.61031491631683,2.63853861693257,3.97651478054316,5.04086866308019
0.31369636758804,2.18268890626929,1.36795871518288,4.06752954263229,4.74197191706052
-0.252661829709967,1.02757936778421,3.19424751954496,3.63916533833383,5.08475139906422
0.771979034690607,0.958605554148858,2.56005593681508,4.6424868266805,4.53625162003377
0.0533249164235488,0.978082440094296,2.92115135299006,3.72598472050389,5.66706471271822
1.48659979401648,1.74453050498617,2.91931584399261,5.45738554302452,5.1704629706587
1.05040303257378,2.5591163780128,2.1618449408459,3.69407403291574,5.12370588193659
2.54838874236555,2.50533940936387,2.8758430838743,3.55476827351806,4.27267636203424
0.181377105902726,1.60037611550715,2.6314108563019,3.44782211404101,5.37017645744883
1.83557964336689,NA,2.84366212114878,4.07941104509239,NA
0.627094255323618,1.1898276105715,2.60905630837795,4.61560687797086,6.60624645297534
-0.029991544464111,1.65152517550078,2.68992657179726,5.00395216022285,6.42354312302025
NA,1.48165376633363,2.59863168131999,4.48984017522056,5.18008947436208
-0.0135510949753259,2.11259408380113,4.28532417025804,2.40079791579125,NA
0.253871517993459,0.761719583369771,3.42269190667601,4.50443530299792,5.55071295983305
0.481611620106537,2.83780194065192,3.2147645277147,5.08617248774229,5.40104252615065
1.1491339567536,2.85350023018824,4.21478100766296,4.22526351706011,4.56896849713969
0.293656380027364,2.69130246841218,2.36878951930475,1.73156122847385,6.06813666129276
1.76215527264281,1.94202308178575,3.4055503128852,4.30878060331857,4.68731143732421
0.152197083659728,2.81760170695694,2.28415595640961,3.56636600508047,4.32375770870518
1.15318551663526,NA,2.65915657263739,NA,5.66791505570466
1.10117780906359,2.67800839159404,3.36161847457458,3.35926358995417,5.17765644483879
0.246400883566257,2.12571819131082,2.60410008117176,3.63653201692441,4.06549668157721
0.696917479717465,2.20665257978693,2.65871943254189,4.10396670108397,4.55139547992595
0.53601104229954,0.505642470924185,4.04151600594045,3.04973609420381,4.52202637013633
1.67839423435292,1.61954267365515,NA,4.11558478381921,4.33754413372674
2.10029537087108,2.71702436727562,2.48319701601766,3.61610520662001,5.58380840524508
0.264045783833555,2.07160845021449,2.97292543016225,4.29911808624884,4.96194550126776
1.65801406046391,1.13824375329632,3.70128188819238,3.1291183688865,6.55046609669434
0.946651670568347,1.32232527088556,1.68033859214172,4.78253772834714,5.43475058647812
-0.391017171232571,1.60699182966868,2.69075876604532,4.03754683074728,5.93791960263446
0.465495408361971,3.50039284595936,3.6619088569562,1.73576626547798,5.74403498716775
1.32608169853282,1.87301070196244,3.27095213019545,3.32548775155805,4.91800552428375
1.10260588280908,1.54410322076048,2.78664136258452,3.85493350286793,NA
-0.72697489690535,0.520319824790029,2.28988562492723,4.24922643435858,6.03105214740766
1.41034727773207,0.655174233722199,3.57261255630163,4.4169018690674,5.12344483767252
1.46319171015978,2.86426145869413,4.03213324603511,5.11299109544087,4.6090560557422
0.784679736242634,1.39809625361548,NA,3.55611701802903,NA
0.499673704564129,3.14636355221848,2.71338191534883,4.61388534239142,4.96832692321223
2.39411194103518,1.7672891770234,4.37226198611705,2.95039183476731,5.40122748722318
0.936361322616134,0.354980047330108,3.34292222481802,3.71652139550141,5.49172328002025
0.990088306105336,3.5506837566008,2.8570956546009,3.54791291737036,5.87706002399482
0.205595981398342,1.23457106819108,2.17294769672275,4.15301157690302,4.95084239730894
0.0495564749635736,1.64194872625152,2.73847931823009,3.10824103005166,4.83390857049491
-0.0770337745214269,2.06782494482098,3.53725537375391,5.40570614027159,6.10917882466096
0.701623416993613,1.91503033124649,3.13985800678826,4.69459436272992,5.27374823720132
1.96231891723433,0.926139820688617,2.67845290638448,3.78304529378802,4.56667997534251
2.2401202279463,0.931855058504644,2.34903977196608,3.0714531686063,4.89562320292102
2.10900133903469,NA,2.92383947784619,3.35850483359856,NA
1.91694465705148,1.4990700393997,2.14888210627336,3.9344604288328,4.61856622365815
0.831994079419718,2.5854408238885,4.89141932311657,2.22987997425639,3.85141146904041
0.134395137869741,3.20756573310463,4.111900726044,3.58790346302969,5.70469385253979
0.768201430914019,1.44904604396234,3.47971481332641,4.7925443628924,3.82659509538685
-0.705859949627468,1.50014687492759,3.0823161405927,4.8238622858071,5.50090462665377
0.778114931300167,NA,2.67026682694735,3.84260877890859,3.78283014228835
2.17371148800213,3.3434155798385,4.30548408057121,4.19219833087417,3.62354796129528
1.09259782545698,1.46528094766414,2.0868458162527,3.35634756837692,NA
1.7749103189554,1.73274490516835,3.67934262917896,3.47594827276742,5.29404830811292
1.34601630896736,1.03553831063748,3.16443124099699,3.69821642530355,5.81924260139352
0.44922724815224,2.5246436458031,3.60991490836302,4.5308127126717,5.67662961661579
2.23288264185757,3.13913205111013,3.99803030259781,4.45914469703091,3.93846851359545
0.944571818983598,2.16078720565638,2.99079711258843,3.68300716780956,5.43572975230825
0.310179297895052,1.71679265100153,3.14302225584818,4.74911980140864,5.06137393446369
1.0499640412301,0.819428377676243,NA,2.0941317971982,5.20736402368258
-0.0738120247375773,3.05408485462454,2.88827686978607,3.76866351726739,4.16133038763135
NA,2.48895545311987,3.58805686582246,4.93314691207234,4.22013165246326
1.35466240651993,1.97102454837441,4.54752547406991,5.10203396901822,5.93973320791415
0.749131715968236,2.85160041221602,2.18958946921643,4.60856257296181,5.11491445413755
0.654628621456868,2.91818873621279,3.16351851574705,4.1005059390108,NA
1.66205979931459,NA,3.01601480710852,4.14309244341255,5.01634263450331
0.248763825571445,1.13324707071449,3.9751918846412,3.64626840765234,4.82648325440685
0.304333590144967,2.68113245391974,NA,3.18633798742921,3.29232422724413
1.29998855074489,2.49017436008579,2.99637583352605,3.56968897280089,5.89369207285106
0.680873177460329,1.64546149233304,2.31905417083019,3.89600234712328,6.36491409349711
1.65413373293605,4.23019457661773,NA,2.98471586588076,6.15649848212307
0.85955387849695,0.197509228564137,2.1806980434578,3.82805117246135,5.21426022492279
1.84488725655791,1.99424550503148,NA,5.43308979464979,6.07380320614069
1.35040302141397,2.80523951351477,2.57522610361524,3.2801671009628,5.6800065682416
-0.587562609939573,3.04817723955283,2.88403325004984,3.07379180629882,5.28794836723995
0.0557498556459717,2.69002662322537,2.51648231268945,3.56410341147472,5.71971917263646
1.90705904702622,2.10489949837158,4.17590344870061,4.72437340561746,4.96971680943792
1.48846646825712,2.55784273202974,2.59576825684971,NA,3.65162584669555
0.316183429725036,2.39426946151759,2.97492691905146,5.01970258400763,5.65563810894528
0.0483801592442491,1.98062923891287,2.71923454774226,3.10252661175843,5.65585362306793
1.73091180626299,1.37981434902344,3.50539377258526,3.7777499815779,5.7771806568054
0.425987360564647,2.86001400572592,3.89622573904368,3.56569658317245,3.84127792984823
2.27401230376749,1.7516288758499,2.74771396549215,3.60092553193412,4.4732342383015
2.25266933334079,NA,2.27498718423415,3.60055745749864,4.89256744956949
-0.0286221321208184,NA,3.28971336812713,1.82830322289975,6.31598581910999
0.402032101038119,2.00813030374787,3.37459288846109,3.07053211184176,4.57420839889897
0.115777353156027,0.602909762151032,NA,4.4787509848484,4.40482628790247
1.47184391781991,1.69854148255644,3.48206961923504,5.1307465421749,6.67283295831221
0.08728800092139,2.43296329239178,3.14383312399119,3.30775099129623,5.01106951258209
-0.438964801789983,2.8703170027378,2.09168383885751,3.69547937859882,5.03070286076011
NA,1.1014031813574,3.43175691476715,2.85300289801337,4.44999066079952
1.71133067478445,1.53998767879729,2.15409632828856,3.54236358173876,5.66119513380948
1.57779363949377,0.272420586120208,3.93522453184771,4.25526955820153,6.01312400027944
0.530489382054115,2.70466626896593,3.26466693511682,3.44325951371028,NA
0.992022964882711,2.0036158106138,NA,4.18696924529699,5.10528329528626
1.43817799001302,2.55933897459615,2.93240496242648,3.91912236010856,5.5691101531022
0.0940273972381911,1.60176344522811,1.89689072443938,2.84684775402451,5.80754358814053
0.912133973480262,2.15119795792376,2.01666609578234,3.30184499005879,4.63964605018523
1.12426811563515,2.6909017775665,3.90921971559787,2.74008024273524,3.17833230689663
NA,1.83442309643609,2.57073502569556,NA,4.86497482000391
1.45405639875877,2.60009363262695,2.30708350942331,5.12181817698954,5.23949952872949
1.90667567223552,2.46242725141736,3.21384881981622,3.45130906449087,5.57018796515883
1.0993817180706,0.875297148469676,2.81834638411674,3.53607259482079,3.95173044685107
0.21334180863479,2.21879519553941,2.24467373101193,3.31760731736699,4.61599139267082
0.759812109712829,0.242145135622906,1.21003826729484,NA,4.73504503899329
-0.177166365502073,1.80311381908339,2.68114629909035,4.47935160168764,4.63789506373084
NA,1.60937034261888,3.25060658445935,4.91678958054022,5.77644239339011
NA,2.61945529027472,2.75323501266699,4.7066571958769,4.06897501855453
0.955649712818645,2.20752431050726,2.89670660241457,3.66874105077408,4.54015740225277
0.306397306463469,1.57770024078277,2.67997464137151,4.40410136362505,4.1612900902509
1.76873131481835,1.88884026607427,3.16610235212984,4.29936715957515,3.95379032174673
1.09851908528362,2.13023850511608,3.4958641255711,5.11153169405836,5.76502645690638
0.726864380351714,1.28367819313026,3.93804666479865,4.16988708778393,NA
1.79449487197295,1.51927811836352,1.8876282953792,4.22374465745585,5.24088489620136
0.462707983027296,1.12128291825,3.15434936889619,3.61521341982025,4.27538869278579
1.81243677319926,0.914577842187088,2.82086484475351,4.0867278113786,5.8867485727577
0.40427932431715,1.62909419972595,3.74451556729911,NA,3.52700151311799
1.27677102723861,1.98689916010487,NA,5.05520948829923,5.16669930626049
1.63029889263887,0.891152501374991,2.99444619752495,4.55337256652947,4.63759072218296
0.0558295097144177,2.33082109141304,3.30299644464406,4.37585192257525,5.47840847373315
1.28151581092665,1.52777368160661,3.74694410378079,4.40109412306032,4.22395012852819
0.921096214943958,2.21996844597185,4.07600524152594,4.11086170853202,5.77947137121842
1.47782310580332,2.10079878171253,3.84823684508992,3.71521965541634,4.39974079861785
0.442377052263644,1.73551751257203,1.54413483231777,4.05337652467746,4.20909396909015
0.938491373317388,NA,2.1821409785194,3.14961196322731,5.56763722946771
1.97742239540984,0.870268708645795,2.78497924213557,3.7366843221787,5.76499116789395
1.11914053739189,0.203483597826727,4.3428858414391,4.46131020994862,5.27601151848468
1.58208390173672,NA,3.10029593396665,4.43629206610685,4.67522168987772
0.84380393209794,1.74497062328647,3.06528241312571,3.68382462528755,4.85320913582984
0.272110180454387,3.36923966958339,3.06986506904717,4.11206298976081,4.87923809108273
0.992274369912848,0.970534694145884,3.41929400660846,NA,3.95798070693744
0.133800447094285,3.04786557541606,3.90144972319421,NA,5.07609988904272
-0.835727967488598,2.76093149201747,3.71204932371655,3.68382496525139,5.09721623144798
1.82669451283557,1.46437481472396,1.32993422830252,2.50669392910248,4.52356052736358
0.231439404983811,2.50493473081546,1.51220478787702,3.48515651954506,4.19226457982089
-0.29123568125184,2.41110101380821,2.94029227707188,3.82555650524282,5.83117620371123
1.70377051512818,1.8962505336324,3.53480566091066,3.56610819300128,4.6647283973505
0.991612453913372,3.06559703396036,NA,4.07350222859347,6.162701699661
0.575998695879133,1.80234057239834,3.50009841067754,3.43390547696106,4.76774820375541
0.874171771975159,3.43382780879014,2.2603750235318,4.93600000693617,5.10813226911798
NA,1.15448399899181,3.1832405948085,4.02203633142491,5.53388500935487
1.70474417936047,2.92794888027497,2.99880865375663,3.41761718651497,5.65709787744791
NA,1.62947073432685,2.16875844823282,3.38711397317683,5.84198641133361
-0.220912202939255,2.25049223014582,4.23363882885896,3.11429107165947,5.16914020514284
1.24989047272941,1.94931848372164,3.50789677433842,3.25739789717358,5.46705054523903
1.51393487181663,1.90585275814948,5.02384054552637,4.58444129147152,6.01819874948116
1.47253186771547,NA,3.50769287316571,3.40343504095053,5.25085617567083
-0.714251209142792,2.64897477702771,2.76716962738338,2.46792521219853,6.07385128163468
0.833577168769094,2.02223091703137,2.9077370363602,4.54731125034148,5.21270393857066
2.39981214548394,2.96090902978439,2.6129805542851,4.42333162683406,4.34231391387752
1.56341882148442,2.08025297459936,2.09365859941433,4.84656568705013,5.39492931885757
-0.208640778255333,2.12325334092228,1.4652165433179,3.73966176027737,3.94067398648898
NA,1.96218364318674,3.00039825355512,4.49661509242791,5.3614951952037
1.34726689474781,1.69965071376462,4.09177400783139,4.05327841591117,4.14501505319921
0.87692418584912,2.14701566837687,3.27477751763414,2.40006443001656,4.76924953012465
1.67973507640841,2.70210252836422,2.77738302433129,4.74578922690143,5.47916932489423
1.20776682496543,2.57548443184609,3.55920361855721,3.36549518728752,4.47139333136418
1.05727519920913,2.70428230242834,3.13335014992098,5.69624654667526,3.97159991429879
1.12986853448859,3.22523522402944,3.41319214307512,4.89321705230653,4.92870161874402
1.11756006293162,2.25246684371531,3.3641546100023,4.91258141611451,4.57870550783905
0.102257890891793,2.11011514719236,2.87962613929904,5.40607163630835,5.80713831085969
2.66134265936252,3.09798738859273,3.73624107641512,4.14793162208888,4.22367120581453
0.00156140133747251,1.9546959387534,3.22708902914323,3.68555204220685,4.00826198643471
0.988006413434632,1.28708167918298,1.89861575276623,2.82727930367595,4.46302001845433
0.615108094630149,1.36862752033099,3.44293719933352,4.41176963114536,6.01397695242793
2.27287163781315,NA,4.39558135677937,3.49710030144764,5.61068940798231
1.71519620734085,0.986162439203828,3.21459507221668,4.96802831592502,4.47714370319111
0.601392200651297,3.00280777311916,4.40683366977819,4.04327559920323,3.90926633776578
1.14525443740641,1.5800594188216,NA,3.82121875779328,5.27234506796634
1.82410604820043,2.79123254635213,3.38548504233365,4.71321855599247,3.97152874708642
2.58131904473769,3.68580024030498,2.83549748879995,3.53668324687585,4.8947381284574
1.21373368507486,1.7148333852222,1.54610029247039,NA,4.52012706691721
0.262836512130692,NA,2.18869344118365,3.78409703482217,4.71880858789148
0.304530560543207,1.59320640881915,2.87268424003827,4.06964521069023,5.28184431312303
2.41825720937687,4.06420648537052,2.22196003348746,3.51265578804412,5.42678910270539
-0.464115137167117,1.23709203600662,1.89061051316161,4.22222998581207,5.20357622543874
3.16073615059541,2.83331921050378,2.96581618749595,4.65066165125162,3.85283903606546
0.815197222653738,2.61490201785352,2.57722784015647,2.93075063370814,5.45493886361247
0.678695445155232,2.65843401207098,4.7093169986082,3.98960386831759,NA
1.11141213721608,2.72455904458983,3.07748521409748,4.42826039470188,5.78508675082422
1.66000549895661,2.43343881887003,3.31816411769767,3.28095665852523,NA
1.2141319273775,2.43005533086372,3.34702957376548,4.78887629530626,4.68870901779716
-0.383207087329863,1.36863021682423,3.03551057484232,3.81603644308004,6.44981841690765
1.24998820466417,2.31963744256458,NA,4.73289913465828,5.31924033632303
1.31849822807992,NA,3.3760271414672,4.34724547119274,4.26292852219126
1.46637289309243,4.00831417588161,3.54498035491546,3.06246688254138,4.96010981034416
0.270675409252454,2.51788037727913,3.70224589286731,4.78457551154191,4.28988449927627
-0.676566357759169,2.59433663387842,3.73787306281431,3.74607148832169,4.0343527002261
0.770489891724789,NA,3.04088758810229,5.2186253589356,5.16185632414249
NA,1.06134135791728,2.10675031112891,3.43129710941637,5.17405415574141
0.458433988457929,1.30939659742318,1.12360283773786,5.00925741051347,5.56827721152366
0.325576212747213,1.58487466981688,2.68220142241615,3.2315239334809,6.06633108583028
0.718568354565446,1.59835428651752,1.92703236870312,4.40455074570677,5.3025513006235
0.779936304385758,2.4551228851505,2.77509677375757,5.00748106374107,5.0049481074486
1.56292255598508,1.83219853502325,2.82841538576811,3.71286419367556,5.06142154568545
1.69751017110918,1.78887345330951,3.20699907367448,4.03475230958285,5.61193495218857
0.438181273637217,2.84114775227697,4.18222109573461,3.27078540679345,4.31450969402013
0.78163271818932,0.508753373628251,4.20060772189521,NA,4.36612385808366
1.25558004508108,1.94818179803587,3.64960037825269,4.56324715672148,4.28029174676934
1.98909467569438,2.61051802375938,3.16427140268439,3.52820751164646,5.65102636333891
0.960352226046883,2.75993293378369,3.29854678957801,4.16510777221251,5.4849652412495
NA,1.85444020924918,2.96615450194927,5.31677074372922,3.85002061548133
1.16394450690477,1.69338871865261,1.87321644927099,3.96029375379551,5.51031950681995
0.915790178980664,1.87114832635153,4.37824009764608,3.30899263001116,4.17989522902266
2.25334171628656,1.69518134711203,3.83909855450166,4.6713871629968,5.11740566090343
1.24283614199494,1.69975566510661,3.83024953163689,4.13662522150201,5.74497539924222
0.559437273880169,1.042704926292,2.64231769391593,3.28065982015928,4.44520832609898
0.689210805551182,1.86098637842765,3.40889034039348,4.01009678061682,5.3985905839212
0.642701213600599,2.16554510792168,3.34803282000676,2.92512228266181,4.77529505382087
NA,1.60599565097926,1.89174830954547,3.52387014517445,5.85883898117997
1.12474622100459,1.21276014842763,NA,3.47011963303933,NA
1.64760247758334,0.846966632731214,3.26700788883089,3.97576020524998,5.41349529970404
1.22639913426065,1.72576710351304,3.28503257742263,1.89826879477716,3.76106325045683
0.740712925630548,3.2180847804521,2.55629094454832,4.49117781486474,4.68274235343906
0.334887374717747,1.60508065046155,4.33124080294407,NA,3.69202488107819
1.44880274684573,1.54981279841571,4.31207079825322,3.19816439373576,4.84978917227714
0.955813970399581,3.96673770345449,3.49235892655766,3.96006112659135,4.83409243606779
1.12928589610255,0.616011097284969,2.54589369072892,3.81731493116652,4.74176078173065
1.7803920481224,2.1007824420237,2.33702022713391,3.11699062932048,4.75749059202342
2.2388762668269,NA,2.08117812577246,3.92708980904467,4.77376715140382
0.325549913030802,1.6615592544016,2.53713099246104,5.1802997289785,NA
2.1625404398339,2.83699493104543,1.70017664878297,3.09631469664029,4.49059642730636
0.387126843843505,2.5695301705146,3.35182358973162,4.52735977378886,4.5921871763059
1.18833944128482,2.037701348169,NA,4.3465439632564,5.21548460313278
1.15723968484804,1.17456143378334,2.15276857579033,2.58811466677752,6.01611292153798
0.804196114886872,2.22864308791165,3.4816125714463,3.00380299377143,4.56917773276774
1.98588577999382,1.77317214954729,3.28823050071867,4.64901451870095,3.55102323472219
0.534078856751783,1.37353856046009,3.80491196181346,3.47003707546372,4.75594362228353
1.46706614763678,2.10696982115218,3.35477172765751,3.12429112442841,4.29933001046629
0.990626804539298,2.40967183985511,2.95259364529379,5.14158741465794,5.35835995985025
0.34134396422575,1.9440206003656,3.31116484467942,3.72467078999303,4.9448533882904
NA,2.60016935057595,1.92381097077742,NA,5.35769295161849
-0.476679633876889,0.2244311934622,3.07751421844846,3.85679556937581,5.96254021320778
0.627954020940288,2.52218217532732,3.13367468227323,4.74789900279979,4.8291491168445
-0.0899362075984738,1.59624606883699,3.55227952821404,4.18518938156669,3.50101538648271
1.13740574625461,2.2026136815441,2.96711295065823,4.07615473765904,4.53220400577386
1.18697497780836,2.81148978232232,3.06771673892076,4.5875502987197,5.22486850831884
0.208934775853461,2.09868290460947,2.05583010849135,4.60901302131604,4.93043595375951
1.46029324952503,2.06288060810953,3.38805023609234,4.23356391175716,4.97375885829532
0.269629237009463,0.140196511353153,1.65278938406812,4.77071982843677,4.33025259677813
1.4661258504068,1.1392948954051,3.1444437909539,4.42340742803039,4.61454450060848
1.16817078124228,2.52973086864835,3.28852713393054,4.35146220501994,5.4113538620674
1.50577647261724,0.998784227654851,4.00886533448174,3.67609573725928,6.6779312209747
0.336392278957468,1.92053345772679,NA,4.64874592975399,5.69637496351126
NA,NA,3.72430659994211,3.70984699746535,6.50149947263421
0.672737249684045,1.74967514499436,1.7285215134073,3.41585707985511,4.59188360074179
NA,1.39808066321961,4.13301266583207,4.03240913434238,4.34576602718607
1.10796566344995,0.966794610060542,2.69210212223164,4.01765099814466,4.91851676077721
2.25423957067754,2.18685427239889,4.87179652949266,3.36711205123534,NA
0.541744648221613,0.651294263635359,2.52358727881375,3.54109354064193,5.90192207141895
0.858707707955435,1.34576269748249,2.16645300277349,3.60775850765769,3.60288462497781
1.4873689174785,1.92110718217301,3.50455647157591,3.25644409087457,4.57165856805655
1.0255587351149,NA,2.99144325518282,3.92693436424936,3.88426021963276
2.37428770587629,1.88481306629529,3.89086237433532,2.98569583901751,5.79606967820955
1.52128883034667,2.60824197831966,2.66272647123963,3.02375528243631,6.24198417873673
2.64143096543832,2.01279776651763,2.33339555510398,2.9397693750847,5.835425659428
1.24671616478383,2.09705921332431,3.53787883858612,4.01556968526702,5.05702457213318
0.198199839511389,3.13058318332416,2.82325765346654,4.07068502556844,3.88504698611494
1.2979290250882,1.92129841514624,3.76287147820625,3.91859742206879,4.67352804053079
0.346240001218238,2.20184778392813,3.45455951652917,3.716069186245,4.00758672574947
0.287899371839248,0.597163859228124,2.83906627687945,5.65789911094066,6.03612324898787
0.866021416322959,2.02173661667888,3.12441510183086,3.30900334461867,4.1198987479522
1.66037883175965,1.46259539118909,3.2606535668188,4.63443866934662,5.46145215696502
1.24318109281945,1.13449195363264,2.17342792286297,3.93512840263799,NA
1.57559925751073,2.7087802572402,2.59027932536744,3.77619266193953,3.99596864540184
1.64724382981071,1.98476791382011,3.21025096136756,3.00800361664358,4.83568562885205
0.878482193217067,NA,4.30987877023194,3.89068558916983,6.4562086031237
-0.69863391041028,NA,3.57043269769209,4.45381497342623,6.20228212798955
1.56279113205171,0.301386515594032,NA,3.00572375365288,3.76916953174482
2.53379654040366,NA,3.65513538280756,3.37154929515204,4.10313571200213
1.04128336837735,2.66694943092741,3.3240740347391,4.08460351213722,4.30225736838716
0.0419308048113366,3.79930735210967,2.5390064302966,4.65438216204646,5.7574516676396
0.740102361246424,2.62733872528037,3.85970358166747,3.51893621966941,4.68769483555796
0.33919628264129,2.74984202860172,2.2317225695145,3.9084896979831,4.90523147613761
0.970556625124041,1.56460049218618,2.31049755291345,4.08868195213793,5.52260451392771
1.47808338397074,2.24950607942441,3.22134302841714,3.85077128693422,4.45348526059913
1.61266287487134,1.66389225718437,4.19609444882854,4.61615642716798,5.26717419337642
1.16629385481121,NA,2.59526089981148,5.1021535240249,5.25039547635716
0.339583385334531,1.16309729611463,3.74335526873718,4.15428239610986,4.92855444975225
1.57505612229948,1.72864806723523,2.87183351780088,4.28719477187248,6.00032552385226
1.95340519353211,0.967860410528467,3.34340431229776,3.81741983026432,4.64032518961122
2.59232158129805,2.03236655741593,1.98464216578926,4.62599038963132,4.98143069987072
0.650935016039898,NA,2.24909427719824,4.39493938136691,4.3477785034723
1.33523409177109,2.0407052173081,4.33827498996583,4.12854099722405,4.71162332508339
1.84406747175514,1.5483752453364,3.01731753754911,NA,NA
0.917695972787306,NA,3.04797982884056,4.26389430799918,5.1798952194097
1.37113104394767,0.838292415459514,1.18102683343201,3.72065683830564,6.10831714824548
1.15161888344404,1.84261601155689,3.86288067150372,3.66233572296287,4.05157255853254
0.904929822401611,0.744483508025184,2.90546056533059,3.88474582374779,4.33873392855834
1.1191539293346,1.98906395526361,3.32146705196479,3.86634944703868,4.96766889294501
1.68216908336754,3.2381771191054,3.25574665970609,4.12824279346014,3.71343692711719
1.28905034209858,2.49794919543007,3.27677346572641,4.58418952668761,4.55433098251695
0.670178375045556,3.04723880722227,2.71572325512451,4.27889400771521,4.73410589664232
-0.583765730589756,NA,4.33289460446883,4.52225842007946,4.22158036626605
0.437805430326453,1.76668457689373,3.09601747034777,3.80828198187892,4.84318120735565
0.985889601206942,2.2570324243697,2.88040058875326,3.95644853456448,5.5890140875359
-0.777967054526777,0.707647287693243,4.14680376251386,4.60064150866745,5.1637423377832
2.56337917449137,2.63199630369316,2.73623831499383,3.14565296608073,4.79290796114949
-0.052713868345726,1.49150188246554,2.047906155896,4.74790828715011,4.77336709986301
0.179224477474638,2.66504065923978,1.52307968560656,5.67891476011654,3.77764927504971
2.03077658406104,0.676891778774888,NA,3.71698233205717,4.63924895391011
-0.54847613329723,NA,2.57969855712245,4.70117830752358,5.10342944294087
1.52259623354778,1.64433158594046,2.84734054256865,4.68128168762354,5.25878760563953
0.756749066975782,3.00826240553041,3.05321685526533,4.07049355008726,4.54366917225561
1.32235353530815,1.98632458626801,4.53224763780488,3.53832844453998,5.72973841212862
1.62091772127493,1.54881374115166,3.45637022764688,3.03691729133011,5.8467076187086
0.322263660586035,2.35233080324584,2.86046474451724,4.32033369199961,5.05064767747064
0.500892323105585,1.95881333856471,3.90062605522322,4.00764219929546,4.10226432937691
NA,1.55719786994237,2.78267834973876,3.27627852652196,4.2671858251914
0.3204333845928,1.36740759347541,3.3691249615698,2.85737203066059,5.22841217154605
1.26883369247197,3.70416992105545,3.82210557302752,3.39087197047287,5.31257561125137
1.357136717551,1.32849798938527,2.93434592694601,4.61221090427077,5.24721722699114
2.43334504613171,NA,1.65511954295567,3.28641808798626,5.88579937058201
1.04569821026973,1.85050723928512,2.65120812391607,3.90401161450941,4.98304482149432
1.32785617444075,1.28026796737861,4.31782952497169,4.40611759491089,4.24387572150629
1.05287626613343,1.01698652437297,2.84952131590547,2.30447880547954,NA
0.655754796313427,0.947380120837734,3.80374000891744,4.19925406655874,4.3803002904653
1.52955991993593,1.00577630498312,3.31306406785133,4.02921527155619,5.0847123737963
1.32826342020836,0.942001744274764,3.04942993203548,2.69141177831959,5.38056515619719
1.0915140837543,2.48517843581607,1.143220226958,3.43821980218639,4.90695880302632
0.423382243455568,1.8325842454208,3.50658108011899,3.6497797270052,5.28795806860836
0.971609343310177,3.4136071682507,2.57247495127514,3.51500898477238,4.97619696025568
1.552545243852,2.44776736678509,NA,3.60914251289129,4.20283881718207
1.4783243248831,3.16545166215353,2.6226394821908,3.9274904360289,4.53599290083071
0.658713126214091,2.35547576176975,4.28140938753901,4.5832771782865,4.52102330545106
0.526865329419755,2.59783574054931,2.1540817442461,3.90951687319154,5.50950205281066
1.36260529213265,2.33039380201189,1.09663280223844,3.58402993768117,5.81551852806752
1.74169132361692,1.71570413804973,3.38644329977635,4.4724806104042,3.728875007945
1.08560104804807,2.65303199447733,3.54371307810349,4.71074719537428,4.00898635980873
0.778468476250633,1.9943038018259,2.8679422937101,3.89944671245809,5.11493813887887
0.377271754816396,2.7309958447008,2.83781816161208,4.61114243808174,5.69348594419551
0.703519395918809,1.43493189219191,4.15271531685969,3.98451111331702,4.51058319457754
-0.0484637663449465,2.71009997900756,1.46934614505164,3.81280700199038,4.99752920772379
0.506921572559381,1.77940152428662,2.2378972553087,3.35419016311059,5.12132556784205
